slice,key,mae,rmse,r2,n
room_type,lecture,2.0394,3.6159,-0.1634,6336
room_type,library,1.6017,2.5023,-0.2442,4032
room_type,office,1.5579,2.3997,0.1531,7200
hour,0,0.2019,0.3817,-0.1933,732
hour,1,0.1086,0.2251,-0.0615,732
hour,2,0.0628,0.1332,-0.1981,732
hour,3,0.0181,0.0282,0.0,732
hour,4,0.008,0.0126,0.0,732
hour,5,0.008,0.0126,0.0,732
hour,6,0.008,0.0126,0.0,732
hour,7,0.0621,0.1521,-0.0194,732
hour,8,0.3783,0.4957,-0.4629,732
hour,9,1.4556,1.6617,-0.5302,732
hour,10,1.99,2.5113,-0.5587,732
hour,11,3.4194,5.3247,-0.2068,732
hour,12,2.6994,3.0598,-0.5733,732
hour,13,3.9224,5.7339,-0.1956,732
hour,14,3.6342,4.188,-0.593,732
hour,15,4.9312,6.1129,-0.1513,732
hour,16,3.7264,4.2569,-0.6512,732
hour,17,3.5495,3.9131,-0.577,732
hour,18,3.1945,3.5193,-0.7506,732
hour,19,2.7931,3.0398,-1.6174,732
hour,20,2.7154,2.9427,-1.2729,732
hour,21,1.537,1.8415,-0.549,732
hour,22,0.8277,1.1814,0.0277,732
hour,23,0.5471,0.8662,-0.1951,732
