model,features,mae,rmse,r2,n_test
random_forest,hour+dow+type+robod_wifi+zenodo_5min_hod,1.2834,2.5082,0.2345,17568
ridge,hour+dow+type+robod_wifi+zenodo_5min_hod,1.3053,2.2274,0.3963,17568
ridge,hour+dow+type+robod_wifi,1.3056,2.2245,0.3979,17568
random_forest,hour+dow+type+robod_wifi,1.3452,2.439,0.2762,17568
baseline_hour_roomtype_mean,hour+dow+type,1.7416,2.9177,-0.0358,17568
random_forest,hour+dow+type+zenodo_5min_hod,1.7663,3.1152,-0.1808,17568
ridge,hour+dow+type+zenodo_5min_hod,1.8315,2.8703,-0.0025,17568
ridge,hour+dow+type,1.8345,2.8585,0.0057,17568
random_forest,hour+dow+type,1.8374,3.0632,-0.1418,17568
