location_id,building_id,floor,name,type,capacity,map_x,map_y
E2-02M-STUDY,E2,2,E2 L2M Study Space,library,28,0.66,0.34
E2-03-07-DR209,E2,3,DR209,discussion_room,8,0.68,0.36
E2-03-08-DR210,E2,3,DR210,discussion_room,8,0.70,0.36
E2-03-19-DR215,E2,3,DR215,discussion_room,8,0.72,0.38
E2-03-20-DR216,E2,3,DR216,discussion_room,8,0.74,0.38
E2-04-20-DR223,E2,4,DR223,discussion_room,8,0.70,0.40
E2-04-21-DR224,E2,4,DR224,discussion_room,8,0.72,0.40
E2-05-STUDY1,E2,5,E2 L5 Study Space 1,library,28,0.69,0.41
E2-05-STUDY2,E2,5,E2 L5 Study Space 2,library,28,0.71,0.41
E2-07-STUDY,E2,7,E2 L7 Study Space,library,28,0.70,0.43
E2-09-STUDY,E2,9,E2 L9 Study Space,library,28,0.70,0.45
E4-01-FOODGLE,E4,1,Foodgle Hub,food_court,220,0.80,0.30
E6-04-05-DR303,E6,4,DR303,discussion_room,8,0.74,0.50
E6-04-06-DR304,E6,4,DR304,discussion_room,8,0.76,0.50
E6-04-07-DR305,E6,4,DR305,discussion_room,8,0.78,0.50
E6-04-08-DR306,E6,4,DR306,discussion_room,8,0.76,0.52
E6-04-09-DR307,E6,4,DR307,discussion_room,8,0.78,0.52
E6-06-016,E6,6,E6 L6 Study Space,library,28,0.75,0.53
E6-07-016,E6,7,E6 L7 Study Space,library,28,0.75,0.54
E6-08-016,E6,8,E6 L8 Study Space,library,28,0.75,0.55
E6-09-016,E6,9,E6 L9 Study Space,library,28,0.75,0.56
W1-03-AMPHI,W1,3,Library amphitheatre seating,library,40,0.40,0.47
W1-04-OPEN,W1,4,Library L4 open study,library,80,0.40,0.48
W1-04-01-MR03,W1,4,MR03,discussion_room,4,0.38,0.50
W1-04-02-MR04,W1,4,MR04,discussion_room,8,0.40,0.50
W1-04-03-MR05,W1,4,MR05,discussion_room,8,0.42,0.50
W1-04-04-MR06,W1,4,MR06,discussion_room,8,0.38,0.52
W1-04-05-MR07,W1,4,MR07,discussion_room,8,0.40,0.52
W1-04-06-MR08,W1,4,MR08,discussion_room,8,0.42,0.52
W1-04-07-MR09,W1,4,MR09,discussion_room,4,0.38,0.54
W1-04-08-MR10,W1,4,MR10,discussion_room,4,0.40,0.54
W1-04-10-MR15,W1,4,MR15,discussion_room,8,0.42,0.54
W1-04-11-MR16,W1,4,MR16,discussion_room,8,0.44,0.54
W1-05-OPEN,W1,5,Learning Commons,library,80,0.40,0.55
W1-05-HUB,W1,5,Project Hub L5,library,24,0.41,0.55
W1-05-042,W1,5,Project Hub discussion room,discussion_room,4,0.40,0.56
W1-06-OPEN,W1,6,Library L6 open study,library,55,0.41,0.57
W1-06-HUB,W1,6,Project Hub L6,library,24,0.42,0.57
W1-09-HUB,W1,9,Project Hub L9,library,24,0.41,0.62
W1-09-02-MEDIA,W1,9,Media Studio,other,12,0.42,0.62
W3-02-WHOLESOME,W3,2,Wholesome by Food Canopy,food_court,140,0.26,0.38
W3-03-07-DR02,W3,3,DR02,discussion_room,8,0.24,0.42
W3-03-10-DR03,W3,3,DR03,discussion_room,8,0.26,0.42
W3-03-13-DR04,W3,3,DR04,discussion_room,8,0.28,0.42
W3-04-04-DR05,W3,4,DR05,discussion_room,8,0.26,0.46
W3-04-05-DR06,W3,4,DR06,discussion_room,8,0.28,0.46
W3-04-07-DR07,W3,4,DR07,discussion_room,8,0.30,0.46
W3-06-03-DR08,W3,6,DR08,discussion_room,8,0.24,0.50
W3-06-07-DR09,W3,6,DR09,discussion_room,8,0.26,0.50
W3-06-14-DR10,W3,6,DR10,discussion_room,8,0.28,0.50
W3-06-17-DR11,W3,6,DR11,discussion_room,8,0.30,0.50
W3-07-01-DR12,W3,7,DR12,discussion_room,8,0.24,0.54
W3-07-14-DR13,W3,7,DR13,discussion_room,8,0.26,0.54
W3-07-17-DR14,W3,7,DR14,discussion_room,8,0.28,0.54
W3-08-01-DR15,W3,8,DR15,discussion_room,8,0.24,0.58
W3-08-04-DR16,W3,8,DR16,discussion_room,8,0.26,0.58
W3-08-09-DR17,W3,8,DR17,discussion_room,8,0.28,0.58
W5-03-07-DR18,W5,3,DR18,discussion_room,8,0.20,0.56
W5-03-08-DR19,W5,3,DR19,discussion_room,8,0.22,0.56
W5-05-10-DR20,W5,5,DR20,discussion_room,8,0.21,0.58
W5-07-12-DR23,W5,7,DR23,discussion_room,8,0.20,0.62
W5-07-14-DR24,W5,7,DR24,discussion_room,8,0.22,0.62
W5-08-02-DR25,W5,8,DR25,discussion_room,8,0.20,0.64
W5-08-07-DR26,W5,8,DR26,discussion_room,8,0.22,0.64
