location_id,timestamp,occupancy_count,source
E2-02M-STUDY,2026-09-29T08:00:00+08:00,15,dummy
E2-02M-STUDY,2026-09-29T09:00:00+08:00,15,dummy
E2-02M-STUDY,2026-09-29T10:00:00+08:00,15,dummy
E2-02M-STUDY,2026-09-29T11:00:00+08:00,15,dummy
E2-02M-STUDY,2026-09-29T12:00:00+08:00,21,dummy
E2-02M-STUDY,2026-09-29T13:00:00+08:00,21,dummy
E2-02M-STUDY,2026-09-29T14:00:00+08:00,15,dummy
E2-02M-STUDY,2026-09-29T15:00:00+08:00,15,dummy
E2-02M-STUDY,2026-09-29T16:00:00+08:00,20,dummy
E2-02M-STUDY,2026-09-29T17:00:00+08:00,20,dummy
E2-02M-STUDY,2026-09-29T18:00:00+08:00,20,dummy
E2-02M-STUDY,2026-09-29T19:00:00+08:00,15,dummy
E2-02M-STUDY,2026-09-29T20:00:00+08:00,15,dummy
E2-03-07-DR209,2026-09-29T08:00:00+08:00,2,dummy
E2-03-07-DR209,2026-09-29T09:00:00+08:00,2,dummy
E2-03-07-DR209,2026-09-29T10:00:00+08:00,2,dummy
E2-03-07-DR209,2026-09-29T11:00:00+08:00,2,dummy
E2-03-07-DR209,2026-09-29T12:00:00+08:00,4,dummy
E2-03-07-DR209,2026-09-29T13:00:00+08:00,4,dummy
E2-03-07-DR209,2026-09-29T14:00:00+08:00,2,dummy
E2-03-07-DR209,2026-09-29T15:00:00+08:00,2,dummy
E2-03-07-DR209,2026-09-29T16:00:00+08:00,3,dummy
E2-03-07-DR209,2026-09-29T17:00:00+08:00,3,dummy
E2-03-07-DR209,2026-09-29T18:00:00+08:00,3,dummy
E2-03-07-DR209,2026-09-29T19:00:00+08:00,2,dummy
E2-03-07-DR209,2026-09-29T20:00:00+08:00,2,dummy
E2-03-08-DR210,2026-09-29T08:00:00+08:00,2,dummy
E2-03-08-DR210,2026-09-29T09:00:00+08:00,2,dummy
E2-03-08-DR210,2026-09-29T10:00:00+08:00,2,dummy
E2-03-08-DR210,2026-09-29T11:00:00+08:00,2,dummy
E2-03-08-DR210,2026-09-29T12:00:00+08:00,4,dummy
E2-03-08-DR210,2026-09-29T13:00:00+08:00,4,dummy
E2-03-08-DR210,2026-09-29T14:00:00+08:00,2,dummy
E2-03-08-DR210,2026-09-29T15:00:00+08:00,2,dummy
E2-03-08-DR210,2026-09-29T16:00:00+08:00,3,dummy
E2-03-08-DR210,2026-09-29T17:00:00+08:00,3,dummy
E2-03-08-DR210,2026-09-29T18:00:00+08:00,3,dummy
E2-03-08-DR210,2026-09-29T19:00:00+08:00,2,dummy
E2-03-08-DR210,2026-09-29T20:00:00+08:00,2,dummy
E2-03-19-DR215,2026-09-29T08:00:00+08:00,2,dummy
E2-03-19-DR215,2026-09-29T09:00:00+08:00,2,dummy
E2-03-19-DR215,2026-09-29T10:00:00+08:00,2,dummy
E2-03-19-DR215,2026-09-29T11:00:00+08:00,2,dummy
E2-03-19-DR215,2026-09-29T12:00:00+08:00,4,dummy
E2-03-19-DR215,2026-09-29T13:00:00+08:00,4,dummy
E2-03-19-DR215,2026-09-29T14:00:00+08:00,2,dummy
E2-03-19-DR215,2026-09-29T15:00:00+08:00,2,dummy
E2-03-19-DR215,2026-09-29T16:00:00+08:00,3,dummy
E2-03-19-DR215,2026-09-29T17:00:00+08:00,3,dummy
E2-03-19-DR215,2026-09-29T18:00:00+08:00,3,dummy
E2-03-19-DR215,2026-09-29T19:00:00+08:00,2,dummy
E2-03-19-DR215,2026-09-29T20:00:00+08:00,2,dummy
E2-03-20-DR216,2026-09-29T08:00:00+08:00,2,dummy
E2-03-20-DR216,2026-09-29T09:00:00+08:00,2,dummy
E2-03-20-DR216,2026-09-29T10:00:00+08:00,2,dummy
E2-03-20-DR216,2026-09-29T11:00:00+08:00,2,dummy
E2-03-20-DR216,2026-09-29T12:00:00+08:00,4,dummy
E2-03-20-DR216,2026-09-29T13:00:00+08:00,4,dummy
E2-03-20-DR216,2026-09-29T14:00:00+08:00,2,dummy
E2-03-20-DR216,2026-09-29T15:00:00+08:00,2,dummy
E2-03-20-DR216,2026-09-29T16:00:00+08:00,3,dummy
E2-03-20-DR216,2026-09-29T17:00:00+08:00,3,dummy
E2-03-20-DR216,2026-09-29T18:00:00+08:00,3,dummy
E2-03-20-DR216,2026-09-29T19:00:00+08:00,2,dummy
E2-03-20-DR216,2026-09-29T20:00:00+08:00,2,dummy
E2-04-20-DR223,2026-09-29T08:00:00+08:00,2,dummy
E2-04-20-DR223,2026-09-29T09:00:00+08:00,2,dummy
E2-04-20-DR223,2026-09-29T10:00:00+08:00,2,dummy
E2-04-20-DR223,2026-09-29T11:00:00+08:00,2,dummy
E2-04-20-DR223,2026-09-29T12:00:00+08:00,4,dummy
E2-04-20-DR223,2026-09-29T13:00:00+08:00,4,dummy
E2-04-20-DR223,2026-09-29T14:00:00+08:00,2,dummy
E2-04-20-DR223,2026-09-29T15:00:00+08:00,2,dummy
E2-04-20-DR223,2026-09-29T16:00:00+08:00,3,dummy
E2-04-20-DR223,2026-09-29T17:00:00+08:00,3,dummy
E2-04-20-DR223,2026-09-29T18:00:00+08:00,3,dummy
E2-04-20-DR223,2026-09-29T19:00:00+08:00,2,dummy
E2-04-20-DR223,2026-09-29T20:00:00+08:00,2,dummy
E2-04-21-DR224,2026-09-29T08:00:00+08:00,2,dummy
E2-04-21-DR224,2026-09-29T09:00:00+08:00,2,dummy
E2-04-21-DR224,2026-09-29T10:00:00+08:00,2,dummy
E2-04-21-DR224,2026-09-29T11:00:00+08:00,2,dummy
E2-04-21-DR224,2026-09-29T12:00:00+08:00,4,dummy
E2-04-21-DR224,2026-09-29T13:00:00+08:00,4,dummy
E2-04-21-DR224,2026-09-29T14:00:00+08:00,2,dummy
E2-04-21-DR224,2026-09-29T15:00:00+08:00,2,dummy
E2-04-21-DR224,2026-09-29T16:00:00+08:00,3,dummy
E2-04-21-DR224,2026-09-29T17:00:00+08:00,3,dummy
E2-04-21-DR224,2026-09-29T18:00:00+08:00,3,dummy
E2-04-21-DR224,2026-09-29T19:00:00+08:00,2,dummy
E2-04-21-DR224,2026-09-29T20:00:00+08:00,2,dummy
E2-05-STUDY1,2026-09-29T08:00:00+08:00,15,dummy
E2-05-STUDY1,2026-09-29T09:00:00+08:00,15,dummy
E2-05-STUDY1,2026-09-29T10:00:00+08:00,15,dummy
E2-05-STUDY1,2026-09-29T11:00:00+08:00,15,dummy
E2-05-STUDY1,2026-09-29T12:00:00+08:00,21,dummy
E2-05-STUDY1,2026-09-29T13:00:00+08:00,21,dummy
E2-05-STUDY1,2026-09-29T14:00:00+08:00,15,dummy
E2-05-STUDY1,2026-09-29T15:00:00+08:00,15,dummy
E2-05-STUDY1,2026-09-29T16:00:00+08:00,20,dummy
E2-05-STUDY1,2026-09-29T17:00:00+08:00,20,dummy
E2-05-STUDY1,2026-09-29T18:00:00+08:00,20,dummy
E2-05-STUDY1,2026-09-29T19:00:00+08:00,15,dummy
E2-05-STUDY1,2026-09-29T20:00:00+08:00,15,dummy
E2-05-STUDY2,2026-09-29T08:00:00+08:00,15,dummy
E2-05-STUDY2,2026-09-29T09:00:00+08:00,15,dummy
E2-05-STUDY2,2026-09-29T10:00:00+08:00,15,dummy
E2-05-STUDY2,2026-09-29T11:00:00+08:00,15,dummy
E2-05-STUDY2,2026-09-29T12:00:00+08:00,21,dummy
E2-05-STUDY2,2026-09-29T13:00:00+08:00,21,dummy
E2-05-STUDY2,2026-09-29T14:00:00+08:00,15,dummy
E2-05-STUDY2,2026-09-29T15:00:00+08:00,15,dummy
E2-05-STUDY2,2026-09-29T16:00:00+08:00,20,dummy
E2-05-STUDY2,2026-09-29T17:00:00+08:00,20,dummy
E2-05-STUDY2,2026-09-29T18:00:00+08:00,20,dummy
E2-05-STUDY2,2026-09-29T19:00:00+08:00,15,dummy
E2-05-STUDY2,2026-09-29T20:00:00+08:00,15,dummy
E2-07-STUDY,2026-09-29T08:00:00+08:00,15,dummy
E2-07-STUDY,2026-09-29T09:00:00+08:00,15,dummy
E2-07-STUDY,2026-09-29T10:00:00+08:00,15,dummy
E2-07-STUDY,2026-09-29T11:00:00+08:00,15,dummy
E2-07-STUDY,2026-09-29T12:00:00+08:00,21,dummy
E2-07-STUDY,2026-09-29T13:00:00+08:00,21,dummy
E2-07-STUDY,2026-09-29T14:00:00+08:00,15,dummy
E2-07-STUDY,2026-09-29T15:00:00+08:00,15,dummy
E2-07-STUDY,2026-09-29T16:00:00+08:00,20,dummy
E2-07-STUDY,2026-09-29T17:00:00+08:00,20,dummy
E2-07-STUDY,2026-09-29T18:00:00+08:00,20,dummy
E2-07-STUDY,2026-09-29T19:00:00+08:00,15,dummy
E2-07-STUDY,2026-09-29T20:00:00+08:00,15,dummy
E2-09-STUDY,2026-09-29T08:00:00+08:00,15,dummy
E2-09-STUDY,2026-09-29T09:00:00+08:00,15,dummy
E2-09-STUDY,2026-09-29T10:00:00+08:00,15,dummy
E2-09-STUDY,2026-09-29T11:00:00+08:00,15,dummy
E2-09-STUDY,2026-09-29T12:00:00+08:00,21,dummy
E2-09-STUDY,2026-09-29T13:00:00+08:00,21,dummy
E2-09-STUDY,2026-09-29T14:00:00+08:00,15,dummy
E2-09-STUDY,2026-09-29T15:00:00+08:00,15,dummy
E2-09-STUDY,2026-09-29T16:00:00+08:00,20,dummy
E2-09-STUDY,2026-09-29T17:00:00+08:00,20,dummy
E2-09-STUDY,2026-09-29T18:00:00+08:00,20,dummy
E2-09-STUDY,2026-09-29T19:00:00+08:00,15,dummy
E2-09-STUDY,2026-09-29T20:00:00+08:00,15,dummy
E4-01-FOODGLE,2026-09-29T08:00:00+08:00,99,dummy
E4-01-FOODGLE,2026-09-29T09:00:00+08:00,99,dummy
E4-01-FOODGLE,2026-09-29T10:00:00+08:00,99,dummy
E4-01-FOODGLE,2026-09-29T11:00:00+08:00,154,dummy
E4-01-FOODGLE,2026-09-29T12:00:00+08:00,198,dummy
E4-01-FOODGLE,2026-09-29T13:00:00+08:00,198,dummy
E4-01-FOODGLE,2026-09-29T14:00:00+08:00,154,dummy
E4-01-FOODGLE,2026-09-29T15:00:00+08:00,99,dummy
E4-01-FOODGLE,2026-09-29T16:00:00+08:00,132,dummy
E4-01-FOODGLE,2026-09-29T17:00:00+08:00,132,dummy
E4-01-FOODGLE,2026-09-29T18:00:00+08:00,132,dummy
E4-01-FOODGLE,2026-09-29T19:00:00+08:00,99,dummy
E4-01-FOODGLE,2026-09-29T20:00:00+08:00,99,dummy
E6-04-05-DR303,2026-09-29T08:00:00+08:00,2,dummy
E6-04-05-DR303,2026-09-29T09:00:00+08:00,2,dummy
E6-04-05-DR303,2026-09-29T10:00:00+08:00,2,dummy
E6-04-05-DR303,2026-09-29T11:00:00+08:00,2,dummy
E6-04-05-DR303,2026-09-29T12:00:00+08:00,4,dummy
E6-04-05-DR303,2026-09-29T13:00:00+08:00,4,dummy
E6-04-05-DR303,2026-09-29T14:00:00+08:00,2,dummy
E6-04-05-DR303,2026-09-29T15:00:00+08:00,2,dummy
E6-04-05-DR303,2026-09-29T16:00:00+08:00,3,dummy
E6-04-05-DR303,2026-09-29T17:00:00+08:00,3,dummy
E6-04-05-DR303,2026-09-29T18:00:00+08:00,3,dummy
E6-04-05-DR303,2026-09-29T19:00:00+08:00,2,dummy
E6-04-05-DR303,2026-09-29T20:00:00+08:00,2,dummy
E6-04-06-DR304,2026-09-29T08:00:00+08:00,2,dummy
E6-04-06-DR304,2026-09-29T09:00:00+08:00,2,dummy
E6-04-06-DR304,2026-09-29T10:00:00+08:00,2,dummy
E6-04-06-DR304,2026-09-29T11:00:00+08:00,2,dummy
E6-04-06-DR304,2026-09-29T12:00:00+08:00,4,dummy
E6-04-06-DR304,2026-09-29T13:00:00+08:00,4,dummy
E6-04-06-DR304,2026-09-29T14:00:00+08:00,2,dummy
E6-04-06-DR304,2026-09-29T15:00:00+08:00,2,dummy
E6-04-06-DR304,2026-09-29T16:00:00+08:00,3,dummy
E6-04-06-DR304,2026-09-29T17:00:00+08:00,3,dummy
E6-04-06-DR304,2026-09-29T18:00:00+08:00,3,dummy
E6-04-06-DR304,2026-09-29T19:00:00+08:00,2,dummy
E6-04-06-DR304,2026-09-29T20:00:00+08:00,2,dummy
E6-04-07-DR305,2026-09-29T08:00:00+08:00,2,dummy
E6-04-07-DR305,2026-09-29T09:00:00+08:00,2,dummy
E6-04-07-DR305,2026-09-29T10:00:00+08:00,2,dummy
E6-04-07-DR305,2026-09-29T11:00:00+08:00,2,dummy
E6-04-07-DR305,2026-09-29T12:00:00+08:00,4,dummy
E6-04-07-DR305,2026-09-29T13:00:00+08:00,4,dummy
E6-04-07-DR305,2026-09-29T14:00:00+08:00,2,dummy
E6-04-07-DR305,2026-09-29T15:00:00+08:00,2,dummy
E6-04-07-DR305,2026-09-29T16:00:00+08:00,3,dummy
E6-04-07-DR305,2026-09-29T17:00:00+08:00,3,dummy
E6-04-07-DR305,2026-09-29T18:00:00+08:00,3,dummy
E6-04-07-DR305,2026-09-29T19:00:00+08:00,2,dummy
E6-04-07-DR305,2026-09-29T20:00:00+08:00,2,dummy
E6-04-08-DR306,2026-09-29T08:00:00+08:00,2,dummy
E6-04-08-DR306,2026-09-29T09:00:00+08:00,2,dummy
E6-04-08-DR306,2026-09-29T10:00:00+08:00,2,dummy
E6-04-08-DR306,2026-09-29T11:00:00+08:00,2,dummy
E6-04-08-DR306,2026-09-29T12:00:00+08:00,4,dummy
E6-04-08-DR306,2026-09-29T13:00:00+08:00,4,dummy
E6-04-08-DR306,2026-09-29T14:00:00+08:00,2,dummy
E6-04-08-DR306,2026-09-29T15:00:00+08:00,2,dummy
E6-04-08-DR306,2026-09-29T16:00:00+08:00,3,dummy
E6-04-08-DR306,2026-09-29T17:00:00+08:00,3,dummy
E6-04-08-DR306,2026-09-29T18:00:00+08:00,3,dummy
E6-04-08-DR306,2026-09-29T19:00:00+08:00,2,dummy
E6-04-08-DR306,2026-09-29T20:00:00+08:00,2,dummy
E6-04-09-DR307,2026-09-29T08:00:00+08:00,2,dummy
E6-04-09-DR307,2026-09-29T09:00:00+08:00,2,dummy
E6-04-09-DR307,2026-09-29T10:00:00+08:00,2,dummy
E6-04-09-DR307,2026-09-29T11:00:00+08:00,2,dummy
E6-04-09-DR307,2026-09-29T12:00:00+08:00,4,dummy
E6-04-09-DR307,2026-09-29T13:00:00+08:00,4,dummy
E6-04-09-DR307,2026-09-29T14:00:00+08:00,2,dummy
E6-04-09-DR307,2026-09-29T15:00:00+08:00,2,dummy
E6-04-09-DR307,2026-09-29T16:00:00+08:00,3,dummy
E6-04-09-DR307,2026-09-29T17:00:00+08:00,3,dummy
E6-04-09-DR307,2026-09-29T18:00:00+08:00,3,dummy
E6-04-09-DR307,2026-09-29T19:00:00+08:00,2,dummy
E6-04-09-DR307,2026-09-29T20:00:00+08:00,2,dummy
E6-06-016,2026-09-29T08:00:00+08:00,15,dummy
E6-06-016,2026-09-29T09:00:00+08:00,15,dummy
E6-06-016,2026-09-29T10:00:00+08:00,15,dummy
E6-06-016,2026-09-29T11:00:00+08:00,15,dummy
E6-06-016,2026-09-29T12:00:00+08:00,21,dummy
E6-06-016,2026-09-29T13:00:00+08:00,21,dummy
E6-06-016,2026-09-29T14:00:00+08:00,15,dummy
E6-06-016,2026-09-29T15:00:00+08:00,15,dummy
E6-06-016,2026-09-29T16:00:00+08:00,20,dummy
E6-06-016,2026-09-29T17:00:00+08:00,20,dummy
E6-06-016,2026-09-29T18:00:00+08:00,20,dummy
E6-06-016,2026-09-29T19:00:00+08:00,15,dummy
E6-06-016,2026-09-29T20:00:00+08:00,15,dummy
E6-07-016,2026-09-29T08:00:00+08:00,15,dummy
E6-07-016,2026-09-29T09:00:00+08:00,15,dummy
E6-07-016,2026-09-29T10:00:00+08:00,15,dummy
E6-07-016,2026-09-29T11:00:00+08:00,15,dummy
E6-07-016,2026-09-29T12:00:00+08:00,21,dummy
E6-07-016,2026-09-29T13:00:00+08:00,21,dummy
E6-07-016,2026-09-29T14:00:00+08:00,15,dummy
E6-07-016,2026-09-29T15:00:00+08:00,15,dummy
E6-07-016,2026-09-29T16:00:00+08:00,20,dummy
E6-07-016,2026-09-29T17:00:00+08:00,20,dummy
E6-07-016,2026-09-29T18:00:00+08:00,20,dummy
E6-07-016,2026-09-29T19:00:00+08:00,15,dummy
E6-07-016,2026-09-29T20:00:00+08:00,15,dummy
E6-08-016,2026-09-29T08:00:00+08:00,15,dummy
E6-08-016,2026-09-29T09:00:00+08:00,15,dummy
E6-08-016,2026-09-29T10:00:00+08:00,15,dummy
E6-08-016,2026-09-29T11:00:00+08:00,15,dummy
E6-08-016,2026-09-29T12:00:00+08:00,21,dummy
E6-08-016,2026-09-29T13:00:00+08:00,21,dummy
E6-08-016,2026-09-29T14:00:00+08:00,15,dummy
E6-08-016,2026-09-29T15:00:00+08:00,15,dummy
E6-08-016,2026-09-29T16:00:00+08:00,20,dummy
E6-08-016,2026-09-29T17:00:00+08:00,20,dummy
E6-08-016,2026-09-29T18:00:00+08:00,20,dummy
E6-08-016,2026-09-29T19:00:00+08:00,15,dummy
E6-08-016,2026-09-29T20:00:00+08:00,15,dummy
E6-09-016,2026-09-29T08:00:00+08:00,15,dummy
E6-09-016,2026-09-29T09:00:00+08:00,15,dummy
E6-09-016,2026-09-29T10:00:00+08:00,15,dummy
E6-09-016,2026-09-29T11:00:00+08:00,15,dummy
E6-09-016,2026-09-29T12:00:00+08:00,21,dummy
E6-09-016,2026-09-29T13:00:00+08:00,21,dummy
E6-09-016,2026-09-29T14:00:00+08:00,15,dummy
E6-09-016,2026-09-29T15:00:00+08:00,15,dummy
E6-09-016,2026-09-29T16:00:00+08:00,20,dummy
E6-09-016,2026-09-29T17:00:00+08:00,20,dummy
E6-09-016,2026-09-29T18:00:00+08:00,20,dummy
E6-09-016,2026-09-29T19:00:00+08:00,15,dummy
E6-09-016,2026-09-29T20:00:00+08:00,15,dummy
W1-03-AMPHI,2026-09-29T08:00:00+08:00,22,dummy
W1-03-AMPHI,2026-09-29T09:00:00+08:00,22,dummy
W1-03-AMPHI,2026-09-29T10:00:00+08:00,22,dummy
W1-03-AMPHI,2026-09-29T11:00:00+08:00,22,dummy
W1-03-AMPHI,2026-09-29T12:00:00+08:00,30,dummy
W1-03-AMPHI,2026-09-29T13:00:00+08:00,30,dummy
W1-03-AMPHI,2026-09-29T14:00:00+08:00,22,dummy
W1-03-AMPHI,2026-09-29T15:00:00+08:00,22,dummy
W1-03-AMPHI,2026-09-29T16:00:00+08:00,28,dummy
W1-03-AMPHI,2026-09-29T17:00:00+08:00,28,dummy
W1-03-AMPHI,2026-09-29T18:00:00+08:00,28,dummy
W1-03-AMPHI,2026-09-29T19:00:00+08:00,22,dummy
W1-03-AMPHI,2026-09-29T20:00:00+08:00,22,dummy
W1-04-OPEN,2026-09-29T08:00:00+08:00,44,dummy
W1-04-OPEN,2026-09-29T09:00:00+08:00,44,dummy
W1-04-OPEN,2026-09-29T10:00:00+08:00,44,dummy
W1-04-OPEN,2026-09-29T11:00:00+08:00,44,dummy
W1-04-OPEN,2026-09-29T12:00:00+08:00,60,dummy
W1-04-OPEN,2026-09-29T13:00:00+08:00,60,dummy
W1-04-OPEN,2026-09-29T14:00:00+08:00,44,dummy
W1-04-OPEN,2026-09-29T15:00:00+08:00,44,dummy
W1-04-OPEN,2026-09-29T16:00:00+08:00,56,dummy
W1-04-OPEN,2026-09-29T17:00:00+08:00,56,dummy
W1-04-OPEN,2026-09-29T18:00:00+08:00,56,dummy
W1-04-OPEN,2026-09-29T19:00:00+08:00,44,dummy
W1-04-OPEN,2026-09-29T20:00:00+08:00,44,dummy
W1-04-01-MR03,2026-09-29T08:00:00+08:00,1,dummy
W1-04-01-MR03,2026-09-29T09:00:00+08:00,1,dummy
W1-04-01-MR03,2026-09-29T10:00:00+08:00,1,dummy
W1-04-01-MR03,2026-09-29T11:00:00+08:00,1,dummy
W1-04-01-MR03,2026-09-29T12:00:00+08:00,2,dummy
W1-04-01-MR03,2026-09-29T13:00:00+08:00,2,dummy
W1-04-01-MR03,2026-09-29T14:00:00+08:00,1,dummy
W1-04-01-MR03,2026-09-29T15:00:00+08:00,1,dummy
W1-04-01-MR03,2026-09-29T16:00:00+08:00,2,dummy
W1-04-01-MR03,2026-09-29T17:00:00+08:00,2,dummy
W1-04-01-MR03,2026-09-29T18:00:00+08:00,2,dummy
W1-04-01-MR03,2026-09-29T19:00:00+08:00,1,dummy
W1-04-01-MR03,2026-09-29T20:00:00+08:00,1,dummy
W1-04-02-MR04,2026-09-29T08:00:00+08:00,2,dummy
W1-04-02-MR04,2026-09-29T09:00:00+08:00,2,dummy
W1-04-02-MR04,2026-09-29T10:00:00+08:00,2,dummy
W1-04-02-MR04,2026-09-29T11:00:00+08:00,2,dummy
W1-04-02-MR04,2026-09-29T12:00:00+08:00,4,dummy
W1-04-02-MR04,2026-09-29T13:00:00+08:00,4,dummy
W1-04-02-MR04,2026-09-29T14:00:00+08:00,2,dummy
W1-04-02-MR04,2026-09-29T15:00:00+08:00,2,dummy
W1-04-02-MR04,2026-09-29T16:00:00+08:00,3,dummy
W1-04-02-MR04,2026-09-29T17:00:00+08:00,3,dummy
W1-04-02-MR04,2026-09-29T18:00:00+08:00,3,dummy
W1-04-02-MR04,2026-09-29T19:00:00+08:00,2,dummy
W1-04-02-MR04,2026-09-29T20:00:00+08:00,2,dummy
W1-04-03-MR05,2026-09-29T08:00:00+08:00,2,dummy
W1-04-03-MR05,2026-09-29T09:00:00+08:00,2,dummy
W1-04-03-MR05,2026-09-29T10:00:00+08:00,2,dummy
W1-04-03-MR05,2026-09-29T11:00:00+08:00,2,dummy
W1-04-03-MR05,2026-09-29T12:00:00+08:00,4,dummy
W1-04-03-MR05,2026-09-29T13:00:00+08:00,4,dummy
W1-04-03-MR05,2026-09-29T14:00:00+08:00,2,dummy
W1-04-03-MR05,2026-09-29T15:00:00+08:00,2,dummy
W1-04-03-MR05,2026-09-29T16:00:00+08:00,3,dummy
W1-04-03-MR05,2026-09-29T17:00:00+08:00,3,dummy
W1-04-03-MR05,2026-09-29T18:00:00+08:00,3,dummy
W1-04-03-MR05,2026-09-29T19:00:00+08:00,2,dummy
W1-04-03-MR05,2026-09-29T20:00:00+08:00,2,dummy
W1-04-04-MR06,2026-09-29T08:00:00+08:00,2,dummy
W1-04-04-MR06,2026-09-29T09:00:00+08:00,2,dummy
W1-04-04-MR06,2026-09-29T10:00:00+08:00,2,dummy
W1-04-04-MR06,2026-09-29T11:00:00+08:00,2,dummy
W1-04-04-MR06,2026-09-29T12:00:00+08:00,4,dummy
W1-04-04-MR06,2026-09-29T13:00:00+08:00,4,dummy
W1-04-04-MR06,2026-09-29T14:00:00+08:00,2,dummy
W1-04-04-MR06,2026-09-29T15:00:00+08:00,2,dummy
W1-04-04-MR06,2026-09-29T16:00:00+08:00,3,dummy
W1-04-04-MR06,2026-09-29T17:00:00+08:00,3,dummy
W1-04-04-MR06,2026-09-29T18:00:00+08:00,3,dummy
W1-04-04-MR06,2026-09-29T19:00:00+08:00,2,dummy
W1-04-04-MR06,2026-09-29T20:00:00+08:00,2,dummy
W1-04-05-MR07,2026-09-29T08:00:00+08:00,2,dummy
W1-04-05-MR07,2026-09-29T09:00:00+08:00,2,dummy
W1-04-05-MR07,2026-09-29T10:00:00+08:00,2,dummy
W1-04-05-MR07,2026-09-29T11:00:00+08:00,2,dummy
W1-04-05-MR07,2026-09-29T12:00:00+08:00,4,dummy
W1-04-05-MR07,2026-09-29T13:00:00+08:00,4,dummy
W1-04-05-MR07,2026-09-29T14:00:00+08:00,2,dummy
W1-04-05-MR07,2026-09-29T15:00:00+08:00,2,dummy
W1-04-05-MR07,2026-09-29T16:00:00+08:00,3,dummy
W1-04-05-MR07,2026-09-29T17:00:00+08:00,3,dummy
W1-04-05-MR07,2026-09-29T18:00:00+08:00,3,dummy
W1-04-05-MR07,2026-09-29T19:00:00+08:00,2,dummy
W1-04-05-MR07,2026-09-29T20:00:00+08:00,2,dummy
W1-04-06-MR08,2026-09-29T08:00:00+08:00,2,dummy
W1-04-06-MR08,2026-09-29T09:00:00+08:00,2,dummy
W1-04-06-MR08,2026-09-29T10:00:00+08:00,2,dummy
W1-04-06-MR08,2026-09-29T11:00:00+08:00,2,dummy
W1-04-06-MR08,2026-09-29T12:00:00+08:00,4,dummy
W1-04-06-MR08,2026-09-29T13:00:00+08:00,4,dummy
W1-04-06-MR08,2026-09-29T14:00:00+08:00,2,dummy
W1-04-06-MR08,2026-09-29T15:00:00+08:00,2,dummy
W1-04-06-MR08,2026-09-29T16:00:00+08:00,3,dummy
W1-04-06-MR08,2026-09-29T17:00:00+08:00,3,dummy
W1-04-06-MR08,2026-09-29T18:00:00+08:00,3,dummy
W1-04-06-MR08,2026-09-29T19:00:00+08:00,2,dummy
W1-04-06-MR08,2026-09-29T20:00:00+08:00,2,dummy
W1-04-07-MR09,2026-09-29T08:00:00+08:00,1,dummy
W1-04-07-MR09,2026-09-29T09:00:00+08:00,1,dummy
W1-04-07-MR09,2026-09-29T10:00:00+08:00,1,dummy
W1-04-07-MR09,2026-09-29T11:00:00+08:00,1,dummy
W1-04-07-MR09,2026-09-29T12:00:00+08:00,2,dummy
W1-04-07-MR09,2026-09-29T13:00:00+08:00,2,dummy
W1-04-07-MR09,2026-09-29T14:00:00+08:00,1,dummy
W1-04-07-MR09,2026-09-29T15:00:00+08:00,1,dummy
W1-04-07-MR09,2026-09-29T16:00:00+08:00,2,dummy
W1-04-07-MR09,2026-09-29T17:00:00+08:00,2,dummy
W1-04-07-MR09,2026-09-29T18:00:00+08:00,2,dummy
W1-04-07-MR09,2026-09-29T19:00:00+08:00,1,dummy
W1-04-07-MR09,2026-09-29T20:00:00+08:00,1,dummy
W1-04-08-MR10,2026-09-29T08:00:00+08:00,1,dummy
W1-04-08-MR10,2026-09-29T09:00:00+08:00,1,dummy
W1-04-08-MR10,2026-09-29T10:00:00+08:00,1,dummy
W1-04-08-MR10,2026-09-29T11:00:00+08:00,1,dummy
W1-04-08-MR10,2026-09-29T12:00:00+08:00,2,dummy
W1-04-08-MR10,2026-09-29T13:00:00+08:00,2,dummy
W1-04-08-MR10,2026-09-29T14:00:00+08:00,1,dummy
W1-04-08-MR10,2026-09-29T15:00:00+08:00,1,dummy
W1-04-08-MR10,2026-09-29T16:00:00+08:00,2,dummy
W1-04-08-MR10,2026-09-29T17:00:00+08:00,2,dummy
W1-04-08-MR10,2026-09-29T18:00:00+08:00,2,dummy
W1-04-08-MR10,2026-09-29T19:00:00+08:00,1,dummy
W1-04-08-MR10,2026-09-29T20:00:00+08:00,1,dummy
W1-04-10-MR15,2026-09-29T08:00:00+08:00,2,dummy
W1-04-10-MR15,2026-09-29T09:00:00+08:00,2,dummy
W1-04-10-MR15,2026-09-29T10:00:00+08:00,2,dummy
W1-04-10-MR15,2026-09-29T11:00:00+08:00,2,dummy
W1-04-10-MR15,2026-09-29T12:00:00+08:00,4,dummy
W1-04-10-MR15,2026-09-29T13:00:00+08:00,4,dummy
W1-04-10-MR15,2026-09-29T14:00:00+08:00,2,dummy
W1-04-10-MR15,2026-09-29T15:00:00+08:00,2,dummy
W1-04-10-MR15,2026-09-29T16:00:00+08:00,3,dummy
W1-04-10-MR15,2026-09-29T17:00:00+08:00,3,dummy
W1-04-10-MR15,2026-09-29T18:00:00+08:00,3,dummy
W1-04-10-MR15,2026-09-29T19:00:00+08:00,2,dummy
W1-04-10-MR15,2026-09-29T20:00:00+08:00,2,dummy
W1-04-11-MR16,2026-09-29T08:00:00+08:00,2,dummy
W1-04-11-MR16,2026-09-29T09:00:00+08:00,2,dummy
W1-04-11-MR16,2026-09-29T10:00:00+08:00,2,dummy
W1-04-11-MR16,2026-09-29T11:00:00+08:00,2,dummy
W1-04-11-MR16,2026-09-29T12:00:00+08:00,4,dummy
W1-04-11-MR16,2026-09-29T13:00:00+08:00,4,dummy
W1-04-11-MR16,2026-09-29T14:00:00+08:00,2,dummy
W1-04-11-MR16,2026-09-29T15:00:00+08:00,2,dummy
W1-04-11-MR16,2026-09-29T16:00:00+08:00,3,dummy
W1-04-11-MR16,2026-09-29T17:00:00+08:00,3,dummy
W1-04-11-MR16,2026-09-29T18:00:00+08:00,3,dummy
W1-04-11-MR16,2026-09-29T19:00:00+08:00,2,dummy
W1-04-11-MR16,2026-09-29T20:00:00+08:00,2,dummy
W1-05-OPEN,2026-09-29T08:00:00+08:00,44,dummy
W1-05-OPEN,2026-09-29T09:00:00+08:00,44,dummy
W1-05-OPEN,2026-09-29T10:00:00+08:00,44,dummy
W1-05-OPEN,2026-09-29T11:00:00+08:00,44,dummy
W1-05-OPEN,2026-09-29T12:00:00+08:00,60,dummy
W1-05-OPEN,2026-09-29T13:00:00+08:00,60,dummy
W1-05-OPEN,2026-09-29T14:00:00+08:00,44,dummy
W1-05-OPEN,2026-09-29T15:00:00+08:00,44,dummy
W1-05-OPEN,2026-09-29T16:00:00+08:00,56,dummy
W1-05-OPEN,2026-09-29T17:00:00+08:00,56,dummy
W1-05-OPEN,2026-09-29T18:00:00+08:00,56,dummy
W1-05-OPEN,2026-09-29T19:00:00+08:00,44,dummy
W1-05-OPEN,2026-09-29T20:00:00+08:00,44,dummy
W1-05-HUB,2026-09-29T08:00:00+08:00,13,dummy
W1-05-HUB,2026-09-29T09:00:00+08:00,13,dummy
W1-05-HUB,2026-09-29T10:00:00+08:00,13,dummy
W1-05-HUB,2026-09-29T11:00:00+08:00,13,dummy
W1-05-HUB,2026-09-29T12:00:00+08:00,18,dummy
W1-05-HUB,2026-09-29T13:00:00+08:00,18,dummy
W1-05-HUB,2026-09-29T14:00:00+08:00,13,dummy
W1-05-HUB,2026-09-29T15:00:00+08:00,13,dummy
W1-05-HUB,2026-09-29T16:00:00+08:00,17,dummy
W1-05-HUB,2026-09-29T17:00:00+08:00,17,dummy
W1-05-HUB,2026-09-29T18:00:00+08:00,17,dummy
W1-05-HUB,2026-09-29T19:00:00+08:00,13,dummy
W1-05-HUB,2026-09-29T20:00:00+08:00,13,dummy
W1-05-042,2026-09-29T08:00:00+08:00,1,dummy
W1-05-042,2026-09-29T09:00:00+08:00,1,dummy
W1-05-042,2026-09-29T10:00:00+08:00,1,dummy
W1-05-042,2026-09-29T11:00:00+08:00,1,dummy
W1-05-042,2026-09-29T12:00:00+08:00,2,dummy
W1-05-042,2026-09-29T13:00:00+08:00,2,dummy
W1-05-042,2026-09-29T14:00:00+08:00,1,dummy
W1-05-042,2026-09-29T15:00:00+08:00,1,dummy
W1-05-042,2026-09-29T16:00:00+08:00,2,dummy
W1-05-042,2026-09-29T17:00:00+08:00,2,dummy
W1-05-042,2026-09-29T18:00:00+08:00,2,dummy
W1-05-042,2026-09-29T19:00:00+08:00,1,dummy
W1-05-042,2026-09-29T20:00:00+08:00,1,dummy
W1-06-OPEN,2026-09-29T08:00:00+08:00,30,dummy
W1-06-OPEN,2026-09-29T09:00:00+08:00,30,dummy
W1-06-OPEN,2026-09-29T10:00:00+08:00,30,dummy
W1-06-OPEN,2026-09-29T11:00:00+08:00,30,dummy
W1-06-OPEN,2026-09-29T12:00:00+08:00,41,dummy
W1-06-OPEN,2026-09-29T13:00:00+08:00,41,dummy
W1-06-OPEN,2026-09-29T14:00:00+08:00,30,dummy
W1-06-OPEN,2026-09-29T15:00:00+08:00,30,dummy
W1-06-OPEN,2026-09-29T16:00:00+08:00,38,dummy
W1-06-OPEN,2026-09-29T17:00:00+08:00,38,dummy
W1-06-OPEN,2026-09-29T18:00:00+08:00,38,dummy
W1-06-OPEN,2026-09-29T19:00:00+08:00,30,dummy
W1-06-OPEN,2026-09-29T20:00:00+08:00,30,dummy
W1-06-HUB,2026-09-29T08:00:00+08:00,13,dummy
W1-06-HUB,2026-09-29T09:00:00+08:00,13,dummy
W1-06-HUB,2026-09-29T10:00:00+08:00,13,dummy
W1-06-HUB,2026-09-29T11:00:00+08:00,13,dummy
W1-06-HUB,2026-09-29T12:00:00+08:00,18,dummy
W1-06-HUB,2026-09-29T13:00:00+08:00,18,dummy
W1-06-HUB,2026-09-29T14:00:00+08:00,13,dummy
W1-06-HUB,2026-09-29T15:00:00+08:00,13,dummy
W1-06-HUB,2026-09-29T16:00:00+08:00,17,dummy
W1-06-HUB,2026-09-29T17:00:00+08:00,17,dummy
W1-06-HUB,2026-09-29T18:00:00+08:00,17,dummy
W1-06-HUB,2026-09-29T19:00:00+08:00,13,dummy
W1-06-HUB,2026-09-29T20:00:00+08:00,13,dummy
W1-09-HUB,2026-09-29T08:00:00+08:00,13,dummy
W1-09-HUB,2026-09-29T09:00:00+08:00,13,dummy
W1-09-HUB,2026-09-29T10:00:00+08:00,13,dummy
W1-09-HUB,2026-09-29T11:00:00+08:00,13,dummy
W1-09-HUB,2026-09-29T12:00:00+08:00,18,dummy
W1-09-HUB,2026-09-29T13:00:00+08:00,18,dummy
W1-09-HUB,2026-09-29T14:00:00+08:00,13,dummy
W1-09-HUB,2026-09-29T15:00:00+08:00,13,dummy
W1-09-HUB,2026-09-29T16:00:00+08:00,17,dummy
W1-09-HUB,2026-09-29T17:00:00+08:00,17,dummy
W1-09-HUB,2026-09-29T18:00:00+08:00,17,dummy
W1-09-HUB,2026-09-29T19:00:00+08:00,13,dummy
W1-09-HUB,2026-09-29T20:00:00+08:00,13,dummy
W1-09-02-MEDIA,2026-09-29T08:00:00+08:00,5,dummy
W1-09-02-MEDIA,2026-09-29T09:00:00+08:00,5,dummy
W1-09-02-MEDIA,2026-09-29T10:00:00+08:00,5,dummy
W1-09-02-MEDIA,2026-09-29T11:00:00+08:00,5,dummy
W1-09-02-MEDIA,2026-09-29T12:00:00+08:00,8,dummy
W1-09-02-MEDIA,2026-09-29T13:00:00+08:00,8,dummy
W1-09-02-MEDIA,2026-09-29T14:00:00+08:00,5,dummy
W1-09-02-MEDIA,2026-09-29T15:00:00+08:00,5,dummy
W1-09-02-MEDIA,2026-09-29T16:00:00+08:00,7,dummy
W1-09-02-MEDIA,2026-09-29T17:00:00+08:00,7,dummy
W1-09-02-MEDIA,2026-09-29T18:00:00+08:00,7,dummy
W1-09-02-MEDIA,2026-09-29T19:00:00+08:00,5,dummy
W1-09-02-MEDIA,2026-09-29T20:00:00+08:00,5,dummy
W3-02-WHOLESOME,2026-09-29T08:00:00+08:00,63,dummy
W3-02-WHOLESOME,2026-09-29T09:00:00+08:00,63,dummy
W3-02-WHOLESOME,2026-09-29T10:00:00+08:00,63,dummy
W3-02-WHOLESOME,2026-09-29T11:00:00+08:00,98,dummy
W3-02-WHOLESOME,2026-09-29T12:00:00+08:00,126,dummy
W3-02-WHOLESOME,2026-09-29T13:00:00+08:00,126,dummy
W3-02-WHOLESOME,2026-09-29T14:00:00+08:00,98,dummy
W3-02-WHOLESOME,2026-09-29T15:00:00+08:00,63,dummy
W3-02-WHOLESOME,2026-09-29T16:00:00+08:00,84,dummy
W3-02-WHOLESOME,2026-09-29T17:00:00+08:00,84,dummy
W3-02-WHOLESOME,2026-09-29T18:00:00+08:00,84,dummy
W3-02-WHOLESOME,2026-09-29T19:00:00+08:00,63,dummy
W3-02-WHOLESOME,2026-09-29T20:00:00+08:00,63,dummy
W3-03-07-DR02,2026-09-29T08:00:00+08:00,2,dummy
W3-03-07-DR02,2026-09-29T09:00:00+08:00,2,dummy
W3-03-07-DR02,2026-09-29T10:00:00+08:00,2,dummy
W3-03-07-DR02,2026-09-29T11:00:00+08:00,2,dummy
W3-03-07-DR02,2026-09-29T12:00:00+08:00,4,dummy
W3-03-07-DR02,2026-09-29T13:00:00+08:00,4,dummy
W3-03-07-DR02,2026-09-29T14:00:00+08:00,2,dummy
W3-03-07-DR02,2026-09-29T15:00:00+08:00,2,dummy
W3-03-07-DR02,2026-09-29T16:00:00+08:00,3,dummy
W3-03-07-DR02,2026-09-29T17:00:00+08:00,3,dummy
W3-03-07-DR02,2026-09-29T18:00:00+08:00,3,dummy
W3-03-07-DR02,2026-09-29T19:00:00+08:00,2,dummy
W3-03-07-DR02,2026-09-29T20:00:00+08:00,2,dummy
W3-03-10-DR03,2026-09-29T08:00:00+08:00,2,dummy
W3-03-10-DR03,2026-09-29T09:00:00+08:00,2,dummy
W3-03-10-DR03,2026-09-29T10:00:00+08:00,2,dummy
W3-03-10-DR03,2026-09-29T11:00:00+08:00,2,dummy
W3-03-10-DR03,2026-09-29T12:00:00+08:00,4,dummy
W3-03-10-DR03,2026-09-29T13:00:00+08:00,4,dummy
W3-03-10-DR03,2026-09-29T14:00:00+08:00,2,dummy
W3-03-10-DR03,2026-09-29T15:00:00+08:00,2,dummy
W3-03-10-DR03,2026-09-29T16:00:00+08:00,3,dummy
W3-03-10-DR03,2026-09-29T17:00:00+08:00,3,dummy
W3-03-10-DR03,2026-09-29T18:00:00+08:00,3,dummy
W3-03-10-DR03,2026-09-29T19:00:00+08:00,2,dummy
W3-03-10-DR03,2026-09-29T20:00:00+08:00,2,dummy
W3-03-13-DR04,2026-09-29T08:00:00+08:00,2,dummy
W3-03-13-DR04,2026-09-29T09:00:00+08:00,2,dummy
W3-03-13-DR04,2026-09-29T10:00:00+08:00,2,dummy
W3-03-13-DR04,2026-09-29T11:00:00+08:00,2,dummy
W3-03-13-DR04,2026-09-29T12:00:00+08:00,4,dummy
W3-03-13-DR04,2026-09-29T13:00:00+08:00,4,dummy
W3-03-13-DR04,2026-09-29T14:00:00+08:00,2,dummy
W3-03-13-DR04,2026-09-29T15:00:00+08:00,2,dummy
W3-03-13-DR04,2026-09-29T16:00:00+08:00,3,dummy
W3-03-13-DR04,2026-09-29T17:00:00+08:00,3,dummy
W3-03-13-DR04,2026-09-29T18:00:00+08:00,3,dummy
W3-03-13-DR04,2026-09-29T19:00:00+08:00,2,dummy
W3-03-13-DR04,2026-09-29T20:00:00+08:00,2,dummy
W3-04-04-DR05,2026-09-29T08:00:00+08:00,2,dummy
W3-04-04-DR05,2026-09-29T09:00:00+08:00,2,dummy
W3-04-04-DR05,2026-09-29T10:00:00+08:00,2,dummy
W3-04-04-DR05,2026-09-29T11:00:00+08:00,2,dummy
W3-04-04-DR05,2026-09-29T12:00:00+08:00,4,dummy
W3-04-04-DR05,2026-09-29T13:00:00+08:00,4,dummy
W3-04-04-DR05,2026-09-29T14:00:00+08:00,2,dummy
W3-04-04-DR05,2026-09-29T15:00:00+08:00,2,dummy
W3-04-04-DR05,2026-09-29T16:00:00+08:00,3,dummy
W3-04-04-DR05,2026-09-29T17:00:00+08:00,3,dummy
W3-04-04-DR05,2026-09-29T18:00:00+08:00,3,dummy
W3-04-04-DR05,2026-09-29T19:00:00+08:00,2,dummy
W3-04-04-DR05,2026-09-29T20:00:00+08:00,2,dummy
W3-04-05-DR06,2026-09-29T08:00:00+08:00,2,dummy
W3-04-05-DR06,2026-09-29T09:00:00+08:00,2,dummy
W3-04-05-DR06,2026-09-29T10:00:00+08:00,2,dummy
W3-04-05-DR06,2026-09-29T11:00:00+08:00,2,dummy
W3-04-05-DR06,2026-09-29T12:00:00+08:00,4,dummy
W3-04-05-DR06,2026-09-29T13:00:00+08:00,4,dummy
W3-04-05-DR06,2026-09-29T14:00:00+08:00,2,dummy
W3-04-05-DR06,2026-09-29T15:00:00+08:00,2,dummy
W3-04-05-DR06,2026-09-29T16:00:00+08:00,3,dummy
W3-04-05-DR06,2026-09-29T17:00:00+08:00,3,dummy
W3-04-05-DR06,2026-09-29T18:00:00+08:00,3,dummy
W3-04-05-DR06,2026-09-29T19:00:00+08:00,2,dummy
W3-04-05-DR06,2026-09-29T20:00:00+08:00,2,dummy
W3-04-07-DR07,2026-09-29T08:00:00+08:00,2,dummy
W3-04-07-DR07,2026-09-29T09:00:00+08:00,2,dummy
W3-04-07-DR07,2026-09-29T10:00:00+08:00,2,dummy
W3-04-07-DR07,2026-09-29T11:00:00+08:00,2,dummy
W3-04-07-DR07,2026-09-29T12:00:00+08:00,4,dummy
W3-04-07-DR07,2026-09-29T13:00:00+08:00,4,dummy
W3-04-07-DR07,2026-09-29T14:00:00+08:00,2,dummy
W3-04-07-DR07,2026-09-29T15:00:00+08:00,2,dummy
W3-04-07-DR07,2026-09-29T16:00:00+08:00,3,dummy
W3-04-07-DR07,2026-09-29T17:00:00+08:00,3,dummy
W3-04-07-DR07,2026-09-29T18:00:00+08:00,3,dummy
W3-04-07-DR07,2026-09-29T19:00:00+08:00,2,dummy
W3-04-07-DR07,2026-09-29T20:00:00+08:00,2,dummy
W3-06-03-DR08,2026-09-29T08:00:00+08:00,2,dummy
W3-06-03-DR08,2026-09-29T09:00:00+08:00,2,dummy
W3-06-03-DR08,2026-09-29T10:00:00+08:00,2,dummy
W3-06-03-DR08,2026-09-29T11:00:00+08:00,2,dummy
W3-06-03-DR08,2026-09-29T12:00:00+08:00,4,dummy
W3-06-03-DR08,2026-09-29T13:00:00+08:00,4,dummy
W3-06-03-DR08,2026-09-29T14:00:00+08:00,2,dummy
W3-06-03-DR08,2026-09-29T15:00:00+08:00,2,dummy
W3-06-03-DR08,2026-09-29T16:00:00+08:00,3,dummy
W3-06-03-DR08,2026-09-29T17:00:00+08:00,3,dummy
W3-06-03-DR08,2026-09-29T18:00:00+08:00,3,dummy
W3-06-03-DR08,2026-09-29T19:00:00+08:00,2,dummy
W3-06-03-DR08,2026-09-29T20:00:00+08:00,2,dummy
W3-06-07-DR09,2026-09-29T08:00:00+08:00,2,dummy
W3-06-07-DR09,2026-09-29T09:00:00+08:00,2,dummy
W3-06-07-DR09,2026-09-29T10:00:00+08:00,2,dummy
W3-06-07-DR09,2026-09-29T11:00:00+08:00,2,dummy
W3-06-07-DR09,2026-09-29T12:00:00+08:00,4,dummy
W3-06-07-DR09,2026-09-29T13:00:00+08:00,4,dummy
W3-06-07-DR09,2026-09-29T14:00:00+08:00,2,dummy
W3-06-07-DR09,2026-09-29T15:00:00+08:00,2,dummy
W3-06-07-DR09,2026-09-29T16:00:00+08:00,3,dummy
W3-06-07-DR09,2026-09-29T17:00:00+08:00,3,dummy
W3-06-07-DR09,2026-09-29T18:00:00+08:00,3,dummy
W3-06-07-DR09,2026-09-29T19:00:00+08:00,2,dummy
W3-06-07-DR09,2026-09-29T20:00:00+08:00,2,dummy
W3-06-14-DR10,2026-09-29T08:00:00+08:00,2,dummy
W3-06-14-DR10,2026-09-29T09:00:00+08:00,2,dummy
W3-06-14-DR10,2026-09-29T10:00:00+08:00,2,dummy
W3-06-14-DR10,2026-09-29T11:00:00+08:00,2,dummy
W3-06-14-DR10,2026-09-29T12:00:00+08:00,4,dummy
W3-06-14-DR10,2026-09-29T13:00:00+08:00,4,dummy
W3-06-14-DR10,2026-09-29T14:00:00+08:00,2,dummy
W3-06-14-DR10,2026-09-29T15:00:00+08:00,2,dummy
W3-06-14-DR10,2026-09-29T16:00:00+08:00,3,dummy
W3-06-14-DR10,2026-09-29T17:00:00+08:00,3,dummy
W3-06-14-DR10,2026-09-29T18:00:00+08:00,3,dummy
W3-06-14-DR10,2026-09-29T19:00:00+08:00,2,dummy
W3-06-14-DR10,2026-09-29T20:00:00+08:00,2,dummy
W3-06-17-DR11,2026-09-29T08:00:00+08:00,2,dummy
W3-06-17-DR11,2026-09-29T09:00:00+08:00,2,dummy
W3-06-17-DR11,2026-09-29T10:00:00+08:00,2,dummy
W3-06-17-DR11,2026-09-29T11:00:00+08:00,2,dummy
W3-06-17-DR11,2026-09-29T12:00:00+08:00,4,dummy
W3-06-17-DR11,2026-09-29T13:00:00+08:00,4,dummy
W3-06-17-DR11,2026-09-29T14:00:00+08:00,2,dummy
W3-06-17-DR11,2026-09-29T15:00:00+08:00,2,dummy
W3-06-17-DR11,2026-09-29T16:00:00+08:00,3,dummy
W3-06-17-DR11,2026-09-29T17:00:00+08:00,3,dummy
W3-06-17-DR11,2026-09-29T18:00:00+08:00,3,dummy
W3-06-17-DR11,2026-09-29T19:00:00+08:00,2,dummy
W3-06-17-DR11,2026-09-29T20:00:00+08:00,2,dummy
W3-07-01-DR12,2026-09-29T08:00:00+08:00,2,dummy
W3-07-01-DR12,2026-09-29T09:00:00+08:00,2,dummy
W3-07-01-DR12,2026-09-29T10:00:00+08:00,2,dummy
W3-07-01-DR12,2026-09-29T11:00:00+08:00,2,dummy
W3-07-01-DR12,2026-09-29T12:00:00+08:00,4,dummy
W3-07-01-DR12,2026-09-29T13:00:00+08:00,4,dummy
W3-07-01-DR12,2026-09-29T14:00:00+08:00,2,dummy
W3-07-01-DR12,2026-09-29T15:00:00+08:00,2,dummy
W3-07-01-DR12,2026-09-29T16:00:00+08:00,3,dummy
W3-07-01-DR12,2026-09-29T17:00:00+08:00,3,dummy
W3-07-01-DR12,2026-09-29T18:00:00+08:00,3,dummy
W3-07-01-DR12,2026-09-29T19:00:00+08:00,2,dummy
W3-07-01-DR12,2026-09-29T20:00:00+08:00,2,dummy
W3-07-14-DR13,2026-09-29T08:00:00+08:00,2,dummy
W3-07-14-DR13,2026-09-29T09:00:00+08:00,2,dummy
W3-07-14-DR13,2026-09-29T10:00:00+08:00,2,dummy
W3-07-14-DR13,2026-09-29T11:00:00+08:00,2,dummy
W3-07-14-DR13,2026-09-29T12:00:00+08:00,4,dummy
W3-07-14-DR13,2026-09-29T13:00:00+08:00,4,dummy
W3-07-14-DR13,2026-09-29T14:00:00+08:00,2,dummy
W3-07-14-DR13,2026-09-29T15:00:00+08:00,2,dummy
W3-07-14-DR13,2026-09-29T16:00:00+08:00,3,dummy
W3-07-14-DR13,2026-09-29T17:00:00+08:00,3,dummy
W3-07-14-DR13,2026-09-29T18:00:00+08:00,3,dummy
W3-07-14-DR13,2026-09-29T19:00:00+08:00,2,dummy
W3-07-14-DR13,2026-09-29T20:00:00+08:00,2,dummy
W3-07-17-DR14,2026-09-29T08:00:00+08:00,2,dummy
W3-07-17-DR14,2026-09-29T09:00:00+08:00,2,dummy
W3-07-17-DR14,2026-09-29T10:00:00+08:00,2,dummy
W3-07-17-DR14,2026-09-29T11:00:00+08:00,2,dummy
W3-07-17-DR14,2026-09-29T12:00:00+08:00,4,dummy
W3-07-17-DR14,2026-09-29T13:00:00+08:00,4,dummy
W3-07-17-DR14,2026-09-29T14:00:00+08:00,2,dummy
W3-07-17-DR14,2026-09-29T15:00:00+08:00,2,dummy
W3-07-17-DR14,2026-09-29T16:00:00+08:00,3,dummy
W3-07-17-DR14,2026-09-29T17:00:00+08:00,3,dummy
W3-07-17-DR14,2026-09-29T18:00:00+08:00,3,dummy
W3-07-17-DR14,2026-09-29T19:00:00+08:00,2,dummy
W3-07-17-DR14,2026-09-29T20:00:00+08:00,2,dummy
W3-08-01-DR15,2026-09-29T08:00:00+08:00,2,dummy
W3-08-01-DR15,2026-09-29T09:00:00+08:00,2,dummy
W3-08-01-DR15,2026-09-29T10:00:00+08:00,2,dummy
W3-08-01-DR15,2026-09-29T11:00:00+08:00,2,dummy
W3-08-01-DR15,2026-09-29T12:00:00+08:00,4,dummy
W3-08-01-DR15,2026-09-29T13:00:00+08:00,4,dummy
W3-08-01-DR15,2026-09-29T14:00:00+08:00,2,dummy
W3-08-01-DR15,2026-09-29T15:00:00+08:00,2,dummy
W3-08-01-DR15,2026-09-29T16:00:00+08:00,3,dummy
W3-08-01-DR15,2026-09-29T17:00:00+08:00,3,dummy
W3-08-01-DR15,2026-09-29T18:00:00+08:00,3,dummy
W3-08-01-DR15,2026-09-29T19:00:00+08:00,2,dummy
W3-08-01-DR15,2026-09-29T20:00:00+08:00,2,dummy
W3-08-04-DR16,2026-09-29T08:00:00+08:00,2,dummy
W3-08-04-DR16,2026-09-29T09:00:00+08:00,2,dummy
W3-08-04-DR16,2026-09-29T10:00:00+08:00,2,dummy
W3-08-04-DR16,2026-09-29T11:00:00+08:00,2,dummy
W3-08-04-DR16,2026-09-29T12:00:00+08:00,4,dummy
W3-08-04-DR16,2026-09-29T13:00:00+08:00,4,dummy
W3-08-04-DR16,2026-09-29T14:00:00+08:00,2,dummy
W3-08-04-DR16,2026-09-29T15:00:00+08:00,2,dummy
W3-08-04-DR16,2026-09-29T16:00:00+08:00,3,dummy
W3-08-04-DR16,2026-09-29T17:00:00+08:00,3,dummy
W3-08-04-DR16,2026-09-29T18:00:00+08:00,3,dummy
W3-08-04-DR16,2026-09-29T19:00:00+08:00,2,dummy
W3-08-04-DR16,2026-09-29T20:00:00+08:00,2,dummy
W3-08-09-DR17,2026-09-29T08:00:00+08:00,2,dummy
W3-08-09-DR17,2026-09-29T09:00:00+08:00,2,dummy
W3-08-09-DR17,2026-09-29T10:00:00+08:00,2,dummy
W3-08-09-DR17,2026-09-29T11:00:00+08:00,2,dummy
W3-08-09-DR17,2026-09-29T12:00:00+08:00,4,dummy
W3-08-09-DR17,2026-09-29T13:00:00+08:00,4,dummy
W3-08-09-DR17,2026-09-29T14:00:00+08:00,2,dummy
W3-08-09-DR17,2026-09-29T15:00:00+08:00,2,dummy
W3-08-09-DR17,2026-09-29T16:00:00+08:00,3,dummy
W3-08-09-DR17,2026-09-29T17:00:00+08:00,3,dummy
W3-08-09-DR17,2026-09-29T18:00:00+08:00,3,dummy
W3-08-09-DR17,2026-09-29T19:00:00+08:00,2,dummy
W3-08-09-DR17,2026-09-29T20:00:00+08:00,2,dummy
W5-03-07-DR18,2026-09-29T08:00:00+08:00,2,dummy
W5-03-07-DR18,2026-09-29T09:00:00+08:00,2,dummy
W5-03-07-DR18,2026-09-29T10:00:00+08:00,2,dummy
W5-03-07-DR18,2026-09-29T11:00:00+08:00,2,dummy
W5-03-07-DR18,2026-09-29T12:00:00+08:00,4,dummy
W5-03-07-DR18,2026-09-29T13:00:00+08:00,4,dummy
W5-03-07-DR18,2026-09-29T14:00:00+08:00,2,dummy
W5-03-07-DR18,2026-09-29T15:00:00+08:00,2,dummy
W5-03-07-DR18,2026-09-29T16:00:00+08:00,3,dummy
W5-03-07-DR18,2026-09-29T17:00:00+08:00,3,dummy
W5-03-07-DR18,2026-09-29T18:00:00+08:00,3,dummy
W5-03-07-DR18,2026-09-29T19:00:00+08:00,2,dummy
W5-03-07-DR18,2026-09-29T20:00:00+08:00,2,dummy
W5-03-08-DR19,2026-09-29T08:00:00+08:00,2,dummy
W5-03-08-DR19,2026-09-29T09:00:00+08:00,2,dummy
W5-03-08-DR19,2026-09-29T10:00:00+08:00,2,dummy
W5-03-08-DR19,2026-09-29T11:00:00+08:00,2,dummy
W5-03-08-DR19,2026-09-29T12:00:00+08:00,4,dummy
W5-03-08-DR19,2026-09-29T13:00:00+08:00,4,dummy
W5-03-08-DR19,2026-09-29T14:00:00+08:00,2,dummy
W5-03-08-DR19,2026-09-29T15:00:00+08:00,2,dummy
W5-03-08-DR19,2026-09-29T16:00:00+08:00,3,dummy
W5-03-08-DR19,2026-09-29T17:00:00+08:00,3,dummy
W5-03-08-DR19,2026-09-29T18:00:00+08:00,3,dummy
W5-03-08-DR19,2026-09-29T19:00:00+08:00,2,dummy
W5-03-08-DR19,2026-09-29T20:00:00+08:00,2,dummy
W5-05-10-DR20,2026-09-29T08:00:00+08:00,2,dummy
W5-05-10-DR20,2026-09-29T09:00:00+08:00,2,dummy
W5-05-10-DR20,2026-09-29T10:00:00+08:00,2,dummy
W5-05-10-DR20,2026-09-29T11:00:00+08:00,2,dummy
W5-05-10-DR20,2026-09-29T12:00:00+08:00,4,dummy
W5-05-10-DR20,2026-09-29T13:00:00+08:00,4,dummy
W5-05-10-DR20,2026-09-29T14:00:00+08:00,2,dummy
W5-05-10-DR20,2026-09-29T15:00:00+08:00,2,dummy
W5-05-10-DR20,2026-09-29T16:00:00+08:00,3,dummy
W5-05-10-DR20,2026-09-29T17:00:00+08:00,3,dummy
W5-05-10-DR20,2026-09-29T18:00:00+08:00,3,dummy
W5-05-10-DR20,2026-09-29T19:00:00+08:00,2,dummy
W5-05-10-DR20,2026-09-29T20:00:00+08:00,2,dummy
W5-07-12-DR23,2026-09-29T08:00:00+08:00,2,dummy
W5-07-12-DR23,2026-09-29T09:00:00+08:00,2,dummy
W5-07-12-DR23,2026-09-29T10:00:00+08:00,2,dummy
W5-07-12-DR23,2026-09-29T11:00:00+08:00,2,dummy
W5-07-12-DR23,2026-09-29T12:00:00+08:00,4,dummy
W5-07-12-DR23,2026-09-29T13:00:00+08:00,4,dummy
W5-07-12-DR23,2026-09-29T14:00:00+08:00,2,dummy
W5-07-12-DR23,2026-09-29T15:00:00+08:00,2,dummy
W5-07-12-DR23,2026-09-29T16:00:00+08:00,3,dummy
W5-07-12-DR23,2026-09-29T17:00:00+08:00,3,dummy
W5-07-12-DR23,2026-09-29T18:00:00+08:00,3,dummy
W5-07-12-DR23,2026-09-29T19:00:00+08:00,2,dummy
W5-07-12-DR23,2026-09-29T20:00:00+08:00,2,dummy
W5-07-14-DR24,2026-09-29T08:00:00+08:00,2,dummy
W5-07-14-DR24,2026-09-29T09:00:00+08:00,2,dummy
W5-07-14-DR24,2026-09-29T10:00:00+08:00,2,dummy
W5-07-14-DR24,2026-09-29T11:00:00+08:00,2,dummy
W5-07-14-DR24,2026-09-29T12:00:00+08:00,4,dummy
W5-07-14-DR24,2026-09-29T13:00:00+08:00,4,dummy
W5-07-14-DR24,2026-09-29T14:00:00+08:00,2,dummy
W5-07-14-DR24,2026-09-29T15:00:00+08:00,2,dummy
W5-07-14-DR24,2026-09-29T16:00:00+08:00,3,dummy
W5-07-14-DR24,2026-09-29T17:00:00+08:00,3,dummy
W5-07-14-DR24,2026-09-29T18:00:00+08:00,3,dummy
W5-07-14-DR24,2026-09-29T19:00:00+08:00,2,dummy
W5-07-14-DR24,2026-09-29T20:00:00+08:00,2,dummy
W5-08-02-DR25,2026-09-29T08:00:00+08:00,2,dummy
W5-08-02-DR25,2026-09-29T09:00:00+08:00,2,dummy
W5-08-02-DR25,2026-09-29T10:00:00+08:00,2,dummy
W5-08-02-DR25,2026-09-29T11:00:00+08:00,2,dummy
W5-08-02-DR25,2026-09-29T12:00:00+08:00,4,dummy
W5-08-02-DR25,2026-09-29T13:00:00+08:00,4,dummy
W5-08-02-DR25,2026-09-29T14:00:00+08:00,2,dummy
W5-08-02-DR25,2026-09-29T15:00:00+08:00,2,dummy
W5-08-02-DR25,2026-09-29T16:00:00+08:00,3,dummy
W5-08-02-DR25,2026-09-29T17:00:00+08:00,3,dummy
W5-08-02-DR25,2026-09-29T18:00:00+08:00,3,dummy
W5-08-02-DR25,2026-09-29T19:00:00+08:00,2,dummy
W5-08-02-DR25,2026-09-29T20:00:00+08:00,2,dummy
W5-08-07-DR26,2026-09-29T08:00:00+08:00,2,dummy
W5-08-07-DR26,2026-09-29T09:00:00+08:00,2,dummy
W5-08-07-DR26,2026-09-29T10:00:00+08:00,2,dummy
W5-08-07-DR26,2026-09-29T11:00:00+08:00,2,dummy
W5-08-07-DR26,2026-09-29T12:00:00+08:00,4,dummy
W5-08-07-DR26,2026-09-29T13:00:00+08:00,4,dummy
W5-08-07-DR26,2026-09-29T14:00:00+08:00,2,dummy
W5-08-07-DR26,2026-09-29T15:00:00+08:00,2,dummy
W5-08-07-DR26,2026-09-29T16:00:00+08:00,3,dummy
W5-08-07-DR26,2026-09-29T17:00:00+08:00,3,dummy
W5-08-07-DR26,2026-09-29T18:00:00+08:00,3,dummy
W5-08-07-DR26,2026-09-29T19:00:00+08:00,2,dummy
W5-08-07-DR26,2026-09-29T20:00:00+08:00,2,dummy
