location_id,predicted_for,occupancy_count,model_version
E2-02M-STUDY,2026-09-29T16:00:00+08:00,19,v0
E2-02M-STUDY,2026-09-29T17:00:00+08:00,11,v0
E2-03-07-DR209,2026-09-29T16:00:00+08:00,3,v0
E2-03-07-DR209,2026-09-29T17:00:00+08:00,0,v0
E2-03-08-DR210,2026-09-29T16:00:00+08:00,2,v0
E2-03-08-DR210,2026-09-29T17:00:00+08:00,0,v0
E2-03-19-DR215,2026-09-29T16:00:00+08:00,2,v0
E2-03-19-DR215,2026-09-29T17:00:00+08:00,2,v0
E2-03-20-DR216,2026-09-29T16:00:00+08:00,0,v0
E2-03-20-DR216,2026-09-29T17:00:00+08:00,0,v0
E2-04-20-DR223,2026-09-29T16:00:00+08:00,6,v0
E2-04-20-DR223,2026-09-29T17:00:00+08:00,0,v0
E2-04-21-DR224,2026-09-29T16:00:00+08:00,3,v0
E2-04-21-DR224,2026-09-29T17:00:00+08:00,3,v0
E2-05-STUDY1,2026-09-29T16:00:00+08:00,15,v0
E2-05-STUDY1,2026-09-29T17:00:00+08:00,11,v0
E2-05-STUDY2,2026-09-29T16:00:00+08:00,10,v0
E2-05-STUDY2,2026-09-29T17:00:00+08:00,7,v0
E2-07-STUDY,2026-09-29T16:00:00+08:00,7,v0
E2-07-STUDY,2026-09-29T17:00:00+08:00,7,v0
E2-09-STUDY,2026-09-29T16:00:00+08:00,19,v0
E2-09-STUDY,2026-09-29T17:00:00+08:00,11,v0
E4-01-FOODGLE,2026-09-29T16:00:00+08:00,83,v0
E4-01-FOODGLE,2026-09-29T17:00:00+08:00,85,v0
E6-04-05-DR303,2026-09-29T16:00:00+08:00,0,v0
E6-04-05-DR303,2026-09-29T17:00:00+08:00,0,v0
E6-04-06-DR304,2026-09-29T16:00:00+08:00,1,v0
E6-04-06-DR304,2026-09-29T17:00:00+08:00,0,v0
E6-04-07-DR305,2026-09-29T16:00:00+08:00,3,v0
E6-04-07-DR305,2026-09-29T17:00:00+08:00,2,v0
E6-04-08-DR306,2026-09-29T16:00:00+08:00,0,v0
E6-04-08-DR306,2026-09-29T17:00:00+08:00,3,v0
E6-04-09-DR307,2026-09-29T16:00:00+08:00,5,v0
E6-04-09-DR307,2026-09-29T17:00:00+08:00,0,v0
E6-06-016,2026-09-29T16:00:00+08:00,11,v0
E6-06-016,2026-09-29T17:00:00+08:00,9,v0
E6-07-016,2026-09-29T16:00:00+08:00,6,v0
E6-07-016,2026-09-29T17:00:00+08:00,4,v0
E6-08-016,2026-09-29T16:00:00+08:00,16,v0
E6-08-016,2026-09-29T17:00:00+08:00,10,v0
E6-09-016,2026-09-29T16:00:00+08:00,17,v0
E6-09-016,2026-09-29T17:00:00+08:00,11,v0
W1-03-AMPHI,2026-09-29T16:00:00+08:00,20,v0
W1-03-AMPHI,2026-09-29T17:00:00+08:00,22,v0
W1-04-OPEN,2026-09-29T16:00:00+08:00,7,v0
W1-04-OPEN,2026-09-29T17:00:00+08:00,8,v0
W1-04-01-MR03,2026-09-29T16:00:00+08:00,2,v0
W1-04-01-MR03,2026-09-29T17:00:00+08:00,1,v0
W1-04-02-MR04,2026-09-29T16:00:00+08:00,6,v0
W1-04-02-MR04,2026-09-29T17:00:00+08:00,7,v0
W1-04-03-MR05,2026-09-29T16:00:00+08:00,5,v0
W1-04-03-MR05,2026-09-29T17:00:00+08:00,0,v0
W1-04-04-MR06,2026-09-29T16:00:00+08:00,0,v0
W1-04-04-MR06,2026-09-29T17:00:00+08:00,3,v0
W1-04-05-MR07,2026-09-29T16:00:00+08:00,7,v0
W1-04-05-MR07,2026-09-29T17:00:00+08:00,5,v0
W1-04-06-MR08,2026-09-29T16:00:00+08:00,0,v0
W1-04-06-MR08,2026-09-29T17:00:00+08:00,0,v0
W1-04-07-MR09,2026-09-29T16:00:00+08:00,0,v0
W1-04-07-MR09,2026-09-29T17:00:00+08:00,0,v0
W1-04-08-MR10,2026-09-29T16:00:00+08:00,0,v0
W1-04-08-MR10,2026-09-29T17:00:00+08:00,3,v0
W1-04-10-MR15,2026-09-29T16:00:00+08:00,0,v0
W1-04-10-MR15,2026-09-29T17:00:00+08:00,4,v0
W1-04-11-MR16,2026-09-29T16:00:00+08:00,4,v0
W1-04-11-MR16,2026-09-29T17:00:00+08:00,3,v0
W1-05-OPEN,2026-09-29T16:00:00+08:00,29,v0
W1-05-OPEN,2026-09-29T17:00:00+08:00,29,v0
W1-05-HUB,2026-09-29T16:00:00+08:00,4,v0
W1-05-HUB,2026-09-29T17:00:00+08:00,4,v0
W1-05-042,2026-09-29T16:00:00+08:00,3,v0
W1-05-042,2026-09-29T17:00:00+08:00,0,v0
W1-06-OPEN,2026-09-29T16:00:00+08:00,25,v0
W1-06-OPEN,2026-09-29T17:00:00+08:00,14,v0
W1-06-HUB,2026-09-29T16:00:00+08:00,9,v0
W1-06-HUB,2026-09-29T17:00:00+08:00,5,v0
W1-09-HUB,2026-09-29T16:00:00+08:00,15,v0
W1-09-HUB,2026-09-29T17:00:00+08:00,12,v0
W1-09-02-MEDIA,2026-09-29T16:00:00+08:00,7,v0
W1-09-02-MEDIA,2026-09-29T17:00:00+08:00,6,v0
W3-02-WHOLESOME,2026-09-29T16:00:00+08:00,77,v0
W3-02-WHOLESOME,2026-09-29T17:00:00+08:00,68,v0
W3-03-07-DR02,2026-09-29T16:00:00+08:00,2,v0
W3-03-07-DR02,2026-09-29T17:00:00+08:00,2,v0
W3-03-10-DR03,2026-09-29T16:00:00+08:00,4,v0
W3-03-10-DR03,2026-09-29T17:00:00+08:00,5,v0
W3-03-13-DR04,2026-09-29T16:00:00+08:00,5,v0
W3-03-13-DR04,2026-09-29T17:00:00+08:00,4,v0
W3-04-04-DR05,2026-09-29T16:00:00+08:00,2,v0
W3-04-04-DR05,2026-09-29T17:00:00+08:00,0,v0
W3-04-05-DR06,2026-09-29T16:00:00+08:00,5,v0
W3-04-05-DR06,2026-09-29T17:00:00+08:00,3,v0
W3-04-07-DR07,2026-09-29T16:00:00+08:00,5,v0
W3-04-07-DR07,2026-09-29T17:00:00+08:00,4,v0
W3-06-03-DR08,2026-09-29T16:00:00+08:00,4,v0
W3-06-03-DR08,2026-09-29T17:00:00+08:00,2,v0
W3-06-07-DR09,2026-09-29T16:00:00+08:00,4,v0
W3-06-07-DR09,2026-09-29T17:00:00+08:00,2,v0
W3-06-14-DR10,2026-09-29T16:00:00+08:00,0,v0
W3-06-14-DR10,2026-09-29T17:00:00+08:00,5,v0
W3-06-17-DR11,2026-09-29T16:00:00+08:00,3,v0
W3-06-17-DR11,2026-09-29T17:00:00+08:00,0,v0
W3-07-01-DR12,2026-09-29T16:00:00+08:00,4,v0
W3-07-01-DR12,2026-09-29T17:00:00+08:00,3,v0
W3-07-14-DR13,2026-09-29T16:00:00+08:00,0,v0
W3-07-14-DR13,2026-09-29T17:00:00+08:00,2,v0
W3-07-17-DR14,2026-09-29T16:00:00+08:00,5,v0
W3-07-17-DR14,2026-09-29T17:00:00+08:00,0,v0
W3-08-01-DR15,2026-09-29T16:00:00+08:00,6,v0
W3-08-01-DR15,2026-09-29T17:00:00+08:00,6,v0
W3-08-04-DR16,2026-09-29T16:00:00+08:00,4,v0
W3-08-04-DR16,2026-09-29T17:00:00+08:00,5,v0
W3-08-09-DR17,2026-09-29T16:00:00+08:00,1,v0
W3-08-09-DR17,2026-09-29T17:00:00+08:00,2,v0
W5-03-07-DR18,2026-09-29T16:00:00+08:00,7,v0
W5-03-07-DR18,2026-09-29T17:00:00+08:00,0,v0
W5-03-08-DR19,2026-09-29T16:00:00+08:00,5,v0
W5-03-08-DR19,2026-09-29T17:00:00+08:00,4,v0
W5-05-10-DR20,2026-09-29T16:00:00+08:00,3,v0
W5-05-10-DR20,2026-09-29T17:00:00+08:00,3,v0
W5-07-12-DR23,2026-09-29T16:00:00+08:00,0,v0
W5-07-12-DR23,2026-09-29T17:00:00+08:00,0,v0
W5-07-14-DR24,2026-09-29T16:00:00+08:00,0,v0
W5-07-14-DR24,2026-09-29T17:00:00+08:00,4,v0
W5-08-02-DR25,2026-09-29T16:00:00+08:00,4,v0
W5-08-02-DR25,2026-09-29T17:00:00+08:00,2,v0
W5-08-07-DR26,2026-09-29T16:00:00+08:00,4,v0
W5-08-07-DR26,2026-09-29T17:00:00+08:00,3,v0
